{"cameraMode":{"drawMode":0,"name":"Shaded","section":"Shading Mode"},"sceneLighting":true,"audioPlay":false,"sceneViewState":{"showFog":false,"showMaterialUpdate":false,"showSkybox":false,"showFlares":false,"showImageEffects":false,"showParticleSystems":false},"in2DMode":false,"pivot":{"x":10.868313789367676,"y":5.776064395904541,"z":2.9225263595581056},"rotation":{"x":0.2134961634874344,"y":-0.666759192943573,"z":0.20846185088157655,"w":0.6829618215560913},"size":552.815185546875,"orthographic":false}