{"cameraMode":{"drawMode":0,"name":"Shaded","section":"Shading Mode"},"sceneLighting":false,"audioPlay":false,"sceneViewState":{"showFog":true,"showMaterialUpdate":false,"showSkybox":false,"showFlares":true,"showImageEffects":true,"showParticleSystems":true},"in2DMode":false,"pivot":{"x":25.6483211517334,"y":-9.33378791809082,"z":2.339395761489868},"rotation":{"x":0.13453182578086854,"y":0.6683460474014282,"z":-0.12472832947969437,"w":0.7208790183067322},"size":48.04441833496094,"orthographic":false}