{"cameraMode":{"drawMode":0,"name":"Shaded","section":"Shading Mode"},"sceneLighting":false,"audioPlay":false,"sceneViewState":{"showFog":true,"showMaterialUpdate":false,"showSkybox":false,"showFlares":true,"showImageEffects":true,"showParticleSystems":true},"in2DMode":false,"pivot":{"x":3.1044206619262697,"y":2.1034178733825685,"z":0.3565269112586975},"rotation":{"x":0.09388379007577896,"y":-0.7171417474746704,"z":0.09850236028432846,"w":0.683518648147583},"size":14.595137596130371,"orthographic":false}